{
  "coarse": {
    "pos_mae_mm": 0.4818434417247772,
    "pos_l2_mm": 1.0800325870513916,
    "rot_mean_deg": 0.35558995604515076,
    "rot_med_deg": 0.2454925775527954
  },
  "coarse_plus_flow": {
    "pos_mae_mm": 0.4149331748485565,
    "pos_l2_mm": 0.9451316595077515,
    "rot_mean_deg": 0.3497692048549652,
    "rot_med_deg": 0.2373882383108139
  },
  "flow": {
    "residual_mse": 0.010618563741445541
  }
}