{
  "pos_mae_mm": 0.42071732878685,
  "pos_l2_mm": 0.856501042842865,
  "rot_mean_deg": 1.102062702178955,
  "rot_med_deg": 0.9043890237808228
}