{
  "loss": 14.849082706355247,
  "pos_mae_mm": 30.644176483154297,
  "pos_rmse_mm": 33.103736877441406,
  "rot_mean_deg": 37.00917434692383,
  "rot_med_deg": 34.14426803588867
}