{
  "coarse": {
    "pos_mae_mm": 0.4402349591255188,
    "pos_l2_mm": 0.8795227408409119,
    "rot_mean_deg": 1.258395791053772,
    "rot_med_deg": 1.0894830226898193
  },
  "coarse_plus_flow": {
    "pos_mae_mm": 0.37127435207366943,
    "pos_l2_mm": 0.7550293207168579,
    "rot_mean_deg": 1.1059900522232056,
    "rot_med_deg": 0.9352360963821411
  },
  "flow": {
    "residual_mse": 0.0023232349194586277
  }
}