{
  "loss": 0.0824820912906974,
  "pos_mae_mm": 0.4818434417247772,
  "pos_l2_mm": 1.0800325870513916,
  "pos_rmse_mm": 1.5118900537490845,
  "rot_mean_deg": 0.35558995604515076,
  "rot_med_deg": 0.2454925775527954
}