{
  "loss": 0.1429690060583719,
  "pos_mae_mm": 1.4317772388458252,
  "pos_l2_mm": 2.899686813354492,
  "pos_rmse_mm": 3.394310474395752,
  "rot_mean_deg": 2.7023351192474365,
  "rot_med_deg": 2.077636241912842
}