{
  "pos_mae_mm": 0.37127429246902466,
  "pos_l2_mm": 0.7550293207168579,
  "rot_mean_deg": 1.105981707572937,
  "rot_med_deg": 0.9352360963821411
}