{
  "pos_mae_mm": 0.47698771953582764,
  "pos_l2_mm": 1.0917860269546509,
  "rot_mean_deg": 0.326883465051651,
  "rot_med_deg": 0.25944316387176514
}